method,mse,mae,r2
Uniform random,0.02323207179030176,0.11930080207087548,0.8743964998512133
Grid-based,0.02105899809790823,0.11725734314060259,0.8871962183710089
Gaussian mixture,0.0788735624974405,0.20932038821948057,0.6649982575561453
