method,mse,mae,r2
Uniform random,0.01950559974391346,0.11138072178395689,0.893135538149013
Grid-based,0.021390028416086296,0.11828970994945322,0.8850703513302721
Gaussian mixture,0.09218100364749607,0.21842225003708282,0.6854047798700802
