method,best_replacements,initial_mse,best_mse,improvement,final_r2
Uniform random,10,0.02323207179030176,0.011599672719597307,50.07043356142006,0.9381124475943419
Grid-based,5,0.02105899809790823,0.013168979882443145,37.466256365960696,0.9334094786362825
Gaussian mixture,15,0.0788735624974405,0.05073641277399882,35.67374013866148,0.7723820657948612
