method,best_replacements,initial_mse,best_mse,improvement,final_r2
Uniform random,20,0.01950559974391346,0.009161704427490747,53.03038846396112,0.9600675070266851
Grid-based,10,0.021390028416086296,0.008777187464118737,58.96598502170346,0.9597138832130532
Gaussian mixture,20,0.09218100364749607,0.060357628613858245,34.52270400019912,0.7255760981082275
