method,best_replacements,initial_mse,best_mse,improvement,final_r2
Uniform random,10,0.01830137672358984,0.011599672719597307,36.618578510294626,0.9381124475943419
Grid-based,5,0.01924260120531628,0.013168979882443145,31.563411090155185,0.9334094786362825
Gaussian mixture,15,0.1270999857372463,0.05073641277399882,60.08149609167843,0.7723820657948612
